{
	"assets": [
		{
			"id" : 0,
			"name" : "Mina Sul",
			"value" : 23,
			"description" : "Café em Mina Sul é um dos melhores do Brasil e do Mundo!",
			"imgUrl": "/images/temp_assets/image5.png"
		},
		{
			"id" : 1,
			"name" : "Lote A",
			"value" : -111,
			"description" : "Description demo.",
			"imgUrl": "/images/temp_assets/image5.png"
		},
		{
			"id" : 2,
			"name" : "Green Fields",
			"value" : 2,
			"description" : "Description demo",
			"imgUrl": "/images/temp_assets/image5.png"
		},
		{
			"id" : 3,
			"name" : "Another Place",
			"value" : 99999,
			"description" : "Description demo.",
			"imgUrl": "/images/temp_assets/image5.png"
		},
		{
			"id" : 4,
			"name" : "Another Place",
			"value" : 99999,
			"description" : "Description demo.",
			"imgUrl": "/images/temp_assets/image5.png"
		},
		{
			"id" : 5,
			"name" : "Another Place",
			"value" : 99999,
			"description" : "Description demo.",
			"imgUrl": "/images/temp_assets/image5.png"
		}
	]
}