{
    "news": [
        {
            "id": "01",
            "title": {
                "icon": null,
                "text": "Fazenda MINA SUL ganha prêmio café premium do ano!"
            },
            "card": {
                "src": "/images/tmp/cards/image1.png",
                "alt": "image-1"
            }
        },
        {
            "id": "02",
            "title": {
                "icon": {
                    "src": "/images/tmp/icons/medalIcon.svg",
                    "alt": "medal-icon",
                    "width": 21,
                    "height": 31
                },
                "text": "Nova fonte natural encontrada no parque seu jorge!"
            },
            "card": {
                "src": "/images/tmp/cards/image2.png",
                "alt": "image-2"
            }
        },
        {
            "id": "03",
            "title": {
                "icon": null,
                "text": "Fazenda MINA SUL ganha prêmio café premium do ano!"
            },
            "card": {
                "src": "/images/tmp/cards/image3.png",
                "alt": "image-3"
            }
        },
        {
            "id": "04",
            "title": {
                "icon": {
                    "src": "/images/tmp/icons/riverIcon.svg",
                    "alt": "river-icon",
                    "width": 23,
                    "height": 21
                },
                "text": "Nova fonte natural encontrada no parque seu jorge!"
            },
            "card": {
                "src": "/images/tmp/cards/image4.png",
                "alt": "image-4"
            }
        },
        {
            "id": "05",
            "title": {
                "icon": null,
                "text": "Fazenda MINA SUL ganha prêmio café premium do ano!"
            },
            "card": {
                "src": "/images/tmp/cards/image5.png",
                "alt": "image-5"
            }
        },
        {
            "id": "06",
            "title": {
                "icon": {
                    "src": "/images/tmp/icons/medalIcon.svg",
                    "alt": "medal-icon",
                    "width": 21,
                    "height": 31
                },
                "text": "Nova fonte natural encontrada no parque seu jorge!"
            },
            "card": {
                "src": "/images/tmp/cards/image6.png",
                "alt": "image-6"
            }
        },
        {
            "id": "07",
            "title": {
                "icon": null,
                "text": "Fazenda MINA SUL ganha prêmio café premium do ano!"
            },
            "card": {
                "src": "/images/tmp/cards/image7.png",
                "alt": "image-7"
            }
        }
    ]
}